ID,city,state_name_x,fun_fact,Unnamed: 0,city_ascii,state_id,state_name_y,county_fips,county_name,lat,lng,population,density,source,military,incorporated,timezone,ranking,zips,id,active_cities
0,New York,New York,"Known as the 'City That Never Sleeps' due to its vibrant nightlife New York is also home to the Statue of Liberty, a symbol of freedom and democracy.",0,New York,NY,New York,36061,New York,40.6943,-73.9249,18713220,10715,polygon,False,True,America/New_York,1,11229 11226 11225 11224 11222 11221 11220 11385 10169 10168 10167 10165 10162 10282 10280 10040 10044 11109 11104 11105 11379 11378 11377 11697 11694 11692 11693 11691 10271 10279 10278 10075 10302 10301 10452 11451 10475 10474 10471 10470 10473 10472 11228 11223 10103 11368 11369 11366 11367 11364 11365 11362 11363 11360 11361 10028 10029 10026 10027 10024 10025 10022 10023 10020 10021 11212 11213 11210 11211 11216 11217 11214 11215 11218 11219 10152 10153 10154 10307 10306 10305 11429 10310 10311 10312 10314 11432 11433 11430 11436 11434 11435 10453 10451 10457 10456 10455 10454 10459 10458 10128 10004 10005 10006 10007 10001 10002 10003 10009 11238 11239 11230 11231 11232 11233 11234 11235 11236 11237 11375 11374 11371 11370 11373 11372 10170 10171 10172 10173 10174 10177 11351 10039 10038 10035 10034 10037 10036 10031 10030 10033 10032 11201 11208 11203 11205 11204 11207 11206 11209 11411 11412 11413 11414 11415 11416 11417 11418 11419 11101 11102 11103 11106 11001 11005 11004 10065 10069 10199 10309 10308 10304 10303 11428 11421 11420 11423 11422 11425 11424 11427 11426 10466 10467 10464 10465 10462 10463 10460 10461 10468 10469 10119 10115 10112 10110 10111 11359 11358 11357 11356 11355 11354 10019 10018 10013 10012 10011 10010 10017 10016 10014 10008 10041 10043 10055 10060 10080 10081 10087 10090 10101 10102 10104 10105 10106 10107 10108 10109 10113 10114 10116 10117 10118 10120 10121 10122 10123 10124 10125 10126 10129 10130 10131 10132 10133 10138 10150 10151 10155 10156 10157 10158 10159 10160 10163 10164 10166 10175 10176 10178 10179 10185 10203 10211 10212 10213 10242 10249 10256 10258 10259 10260 10261 10265 10268 10269 10270 10272 10273 10274 10275 10276 10277 10281 10285 10286 10313 11120 11202 11241 11242 11243 11245 11247 11249 11251 11252 11256 11352 11380 11381 11386 11405 11431 11437 11439 11499 11690 11695,1840034016,1
1,Los Angeles,California,"Home to Hollywood, the entertainment capital of the world Los Angeles has more than 75 miles of coastline, making it a prime location for beach lovers.",1,Los Angeles,CA,California,6037,Los Angeles,34.1139,-118.4068,12750807,3276,polygon,False,True,America/Los_Angeles,1,90291 90293 90292 91316 91311 90037 90031 90008 90004 90005 90006 90007 90001 90002 90003 90710 90089 91344 91345 91340 91342 91343 90035 90034 90036 90033 90032 90039 90247 90248 91436 91371 91605 91604 91607 91601 91602 90402 90068 90069 90062 90063 90061 90066 90067 90064 90065 91326 91324 91325 90013 90012 90011 90010 90017 90016 90015 90014 90019 90090 90095 90094 91042 91040 91411 91352 91356 90041 90042 90043 90044 90045 90046 90047 90048 90049 90018 91423 90210 91303 91304 91306 91307 90079 90071 90077 90059 91608 91606 91331 91330 91335 90026 90027 90024 90025 90023 90020 90021 90028 90029 90272 90732 90731 90230 91406 91405 91403 91402 91401 91367 91364 90038 90057 90058 90744 90501 90502 90009 90030 90050 90051 90053 90054 90055 90060 90070 90072 90074 90075 90076 90078 90080 90081 90082 90083 90084 90086 90087 90088 90093 90099 90134 90189 90213 90294 90295 90296 90733 90734 90748 91041 91043 91305 91308 91309 91313 91327 91328 91329 91333 91334 91337 91346 91353 91357 91365 91392 91393 91394 91395 91396 91404 91407 91408 91409 91410 91412 91413 91416 91426 91470 91482 91495 91496 91499 91603 91609 91610 91611 91612 91614 91615 91616 91617 91618,1840020491,1
2,Chicago,Illinois,"Chicago is home to the world’s first skyscraper, built in 1885 Chicago is also known for its deep-dish pizza, a must-try for foodies.",2,Chicago,IL,Illinois,17031,Cook,41.8373,-87.6862,8604203,4574,polygon,False,True,America/Chicago,1,60018 60649 60641 60640 60643 60642 60645 60644 60647 60646 60616 60617 60614 60615 60612 60613 60610 60611 60618 60619 60827 60638 60639 60634 60636 60637 60630 60631 60632 60633 60605 60604 60607 60606 60601 60603 60602 60609 60608 60106 60661 60660 60659 60652 60653 60651 60656 60657 60654 60655 60623 60622 60621 60620 60626 60625 60624 60629 60628 60707 60499 60664 60666 60668 60669 60670 60673 60674 60675 60677 60678 60680 60681 60684 60685 60686 60687 60688 60689 60690 60694 60695 60696 60699,1840000494,1
3,Houston,Texas,"Houston is the largest city in Texas and a hub for the energy industry Houston is home to NASA’s Johnson Space Center, where space missions are controlled.",6,Houston,TX,Texas,48201,Harris,29.7863,-95.3889,5464251,1399,polygon,False,True,America/Chicago,1,77069 77068 77061 77060 77063 77062 77065 77064 77067 77066 77036 77037 77034 77035 77032 77033 77030 77031 77038 77449 77489 77046 77045 77044 77040 77048 77201 77598 77018 77019 77015 77016 77017 77010 77011 77012 77013 77091 77093 77099 77053 77346 77345 77546 77547 77025 77024 77027 77026 77021 77020 77023 77022 77029 77028 77094 77096 77090 77098 77078 77079 77072 77073 77070 77071 77076 77077 77074 77075 77407 77047 77043 77041 77336 77339 77338 77003 77002 77007 77006 77005 77004 77009 77008 77571 77450 77082 77089 77088 77083 77081 77080 77087 77086 77085 77084 77092 77042 77054 77055 77056 77057 77058 77059 77396 77051 77506 77504 77001 77052 77202 77203 77204 77205 77206 77207 77208 77209 77210 77212 77213 77215 77216 77217 77218 77219 77220 77221 77222 77223 77225 77226 77227 77228 77229 77230 77231 77233 77234 77235 77236 77237 77241 77242 77243 77244 77245 77248 77249 77251 77252 77253 77254 77255 77256 77257 77259 77261 77262 77263 77266 77269 77270 77271 77272 77273 77274 77275 77282 77284 77287 77288 77289 77291 77292 77293 77297 77299 77315 77325 77411,1840020925,0
3,Houston,Texas,"Houston is the largest city in Texas and a hub for the energy industry Houston is home to NASA’s Johnson Space Center, where space missions are controlled.",8276,Houston,MS,Mississippi,28017,Chickasaw,33.8963,-89.0031,3427,179,polygon,False,True,America/Chicago,3,38851,1840014760,0
3,Houston,Texas,"Houston is the largest city in Texas and a hub for the energy industry Houston is home to NASA’s Johnson Space Center, where space missions are controlled.",9936,Houston,AK,Alaska,2170,Matanuska-Susitna,61.6159,-149.8003,2412,38,polygon,False,True,America/Anchorage,3,99694 99652,1840023378,0
3,Houston,Texas,"Houston is the largest city in Texas and a hub for the energy industry Houston is home to NASA’s Johnson Space Center, where space missions are controlled.",10628,Houston,MO,Missouri,29215,Texas,37.3212,-91.9611,2082,220,polygon,False,True,America/Chicago,3,65483,1840007601,0
3,Houston,Texas,"Houston is the largest city in Texas and a hub for the energy industry Houston is home to NASA’s Johnson Space Center, where space missions are controlled.",13419,Houston,PA,Pennsylvania,42125,Washington,40.2494,-80.211,1238,1163,polygon,False,True,America/New_York,3,15317 15342,1840003657,0
3,Houston,Texas,"Houston is the largest city in Texas and a hub for the energy industry Houston is home to NASA’s Johnson Space Center, where space missions are controlled.",14848,Houston,MN,Minnesota,27055,Houston,43.7582,-91.5707,965,296,polygon,False,True,America/Chicago,3,55943,1840006835,0
3,Houston,Texas,"Houston is the largest city in Texas and a hub for the energy industry Houston is home to NASA’s Johnson Space Center, where space missions are controlled.",20132,Houston,DE,Delaware,10001,Kent,38.9174,-75.5039,405,408,polygon,False,True,America/New_York,3,19954,1840005809,0
3,Houston,Texas,"Houston is the largest city in Texas and a hub for the energy industry Houston is home to NASA’s Johnson Space Center, where space missions are controlled.",24308,Houston,AR,Arkansas,5105,Perry,35.0349,-92.6945,175,66,polygon,False,True,America/Chicago,3,72070,1840016488,0
4,Philadelphia,Pennsylvania,"Philadelphia is home to the Liberty Bell, a symbol of American independence Philadelphia is also known for its famous Philly cheesesteaks.",5,Philadelphia,PA,Pennsylvania,42101,Philadelphia,40.0077,-75.1339,5649300,4554,polygon,False,True,America/New_York,1,19154 19151 19150 19153 19152 19102 19103 19106 19107 19104 19109 19128 19129 19120 19121 19122 19123 19124 19125 19126 19127 19112 19111 19115 19114 19116 19119 19118 19148 19149 19146 19147 19144 19145 19142 19143 19140 19141 19139 19138 19137 19136 19135 19134 19133 19132 19131 19130 19019 19092 19093 19099 19101 19105 19108 19110 19155 19160 19161 19162 19170 19171 19172 19173 19175 19176 19177 19178 19179 19181 19182 19183 19184 19185 19187 19188 19190 19191 19192 19193 19194 19195 19196 19197 19244 19255,1840000673,0
4,Philadelphia,Pennsylvania,"Philadelphia is home to the Liberty Bell, a symbol of American independence Philadelphia is also known for its famous Philly cheesesteaks.",5224,Philadelphia,MS,Mississippi,28099,Neshoba,32.7761,-89.1221,7345,223,polygon,False,True,America/Chicago,3,39350,1840014869,0
4,Philadelphia,Pennsylvania,"Philadelphia is home to the Liberty Bell, a symbol of American independence Philadelphia is also known for its famous Philly cheesesteaks.",16617,Philadelphia,TN,Tennessee,47105,Loudon,35.679,-84.4,729,180,polygon,False,True,America/New_York,3,37846,1840014513,0
5,Phoenix,Arizona,"Phoenix is one of the sunniest cities in the U.S., with over 300 sunny days each year Phoenix is also known for its desert botanical gardens, showcasing unique desert flora.",10,Phoenix,AZ,Arizona,4013,Maricopa,33.5722,-112.0891,4219697,1253,polygon,False,True,America/Phoenix,1,85008 85009 85006 85007 85004 85083 85086 85087 85085 85383 85033 85304 85306 85308 85020 85021 85022 85023 85024 85027 85028 85029 85353 85019 85018 85013 85012 85015 85014 85017 85016 85254 85003 85044 85045 85042 85043 85040 85041 85048 85054 85037 85035 85034 85032 85031 85307 85310 85051 85050 85053 85001 85002 85005 85010 85011 85026 85030 85036 85038 85046 85060 85061 85062 85063 85064 85065 85066 85067 85068 85069 85070 85071 85072 85073 85074 85075 85076 85078 85079 85080 85082,1840020568,0
5,Phoenix,Arizona,"Phoenix is one of the sunniest cities in the U.S., with over 300 sunny days each year Phoenix is also known for its desert botanical gardens, showcasing unique desert flora.",6916,Phoenix,OR,Oregon,41029,Jackson,42.2748,-122.8151,4653,1252,polygon,False,True,America/Los_Angeles,3,97535,1840020077,0
5,Phoenix,Arizona,"Phoenix is one of the sunniest cities in the U.S., with over 300 sunny days each year Phoenix is also known for its desert botanical gardens, showcasing unique desert flora.",10273,Phoenix,NY,New York,36075,Oswego,43.2316,-76.2961,2241,739,polygon,False,True,America/New_York,3,13135,1840004193,0
5,Phoenix,Arizona,"Phoenix is one of the sunniest cities in the U.S., with over 300 sunny days each year Phoenix is also known for its desert botanical gardens, showcasing unique desert flora.",11043,Phoenix,IL,Illinois,17031,Cook,41.6118,-87.6308,1908,1588,polygon,False,True,America/Chicago,3,60426,1840011314,0
6,San Antonio,Texas,"San Antonio is famous for the Alamo, a historic site of the Texas Revolution San Antonio is home to the River Walk, a scenic area filled with shops and restaurants.",24,San Antonio,TX,Texas,48029,Bexar,29.4658,-98.5253,2049293,1231,polygon,False,True,America/Chicago,1,78112 78259 78258 78252 78251 78250 78257 78256 78255 78254 78208 78201 78202 78203 78204 78205 78207 78245 78231 78230 78233 78232 78235 78234 78237 78239 78238 78209 78109 78266 78260 78219 78218 78217 78216 78215 78214 78213 78212 78211 78210 78244 78247 78240 78242 78248 78249 78073 78023 78222 78223 78220 78221 78226 78227 78224 78225 78228 78229 78206 78241 78246 78265 78268 78269 78270 78278 78279 78280 78283 78284 78285 78288 78289 78291 78292 78293 78294 78295 78296 78297 78298 78299,1840022220,0
6,San Antonio,Texas,"San Antonio is famous for the Alamo, a historic site of the Texas Revolution San Antonio is home to the River Walk, a scenic area filled with shops and restaurants.",5079,San Antonio,PR,Puerto Rico,72051,Dorado,18.4468,-66.3002,7655,1680,polygon,False,False,America/Puerto_Rico,3,00646,1630023733,0
6,San Antonio,Texas,"San Antonio is famous for the Alamo, a historic site of the Texas Revolution San Antonio is home to the River Walk, a scenic area filled with shops and restaurants.",11916,San Antonio,PR,Puerto Rico,72005,Aguadilla,18.4931,-67.0998,1625,1297,polygon,False,False,America/Puerto_Rico,3,00690,1630149533,0
6,San Antonio,Texas,"San Antonio is famous for the Alamo, a historic site of the Texas Revolution San Antonio is home to the River Walk, a scenic area filled with shops and restaurants.",12423,San Antonio,FL,Florida,12101,Pasco,28.3396,-82.2787,1475,418,polygon,False,True,America/New_York,3,33525 33576 33574,1840015969,0
6,San Antonio,Texas,"San Antonio is famous for the Alamo, a historic site of the Texas Revolution San Antonio is home to the River Walk, a scenic area filled with shops and restaurants.",12648,San Antonio,PR,Puerto Rico,72115,Quebradillas,18.4382,-66.9362,1419,839,polygon,False,False,America/Puerto_Rico,3,00678,1630146624,0
6,San Antonio,Texas,"San Antonio is famous for the Alamo, a historic site of the Texas Revolution San Antonio is home to the River Walk, a scenic area filled with shops and restaurants.",28232,San Antonio,NM,New Mexico,35053,Socorro,33.9161,-106.87,11,9,polygon,False,False,America/Denver,3,87801 87832,1840025017,0
7,San Diego,California,"San Diego is home to the world-famous San Diego Zoo San Diego is also known for its year-round mild climate, perfect for outdoor activities.",14,San Diego,CA,California,6073,San Diego,32.8312,-117.1225,3220118,1686,polygon,False,True,America/Los_Angeles,1,92109 92108 92103 92111 92154 92110 92115 92140 92107 92106 92105 92104 92102 92071 92132 92130 92131 92134 92139 92025 92027 92147 92145 92014 92119 92117 92121 92120 92123 92122 92124 92127 92126 92129 92128 92101 92037 92173 92113 92114 92116 92038 92039 92072 92092 92093 92112 92137 92138 92142 92143 92149 92150 92152 92153 92158 92159 92160 92161 92163 92165 92166 92167 92168 92169 92170 92171 92172 92174 92175 92176 92177 92179 92182 92186 92187 92191 92192 92193 92195 92196 92197 92198 92199,1840021990,0
7,San Diego,California,"San Diego is home to the world-famous San Diego Zoo San Diego is also known for its year-round mild climate, perfect for outdoor activities.",7089,San Diego,TX,Texas,48131,Duval,27.7609,-98.2389,4474,857,polygon,False,True,America/Chicago,3,78384,1840022255,0
8,Dallas,Texas,"Dallas is known for its modern architecture, including the famous Dallas Cowboys stadium Dallas is also a major center for the arts, with a vibrant museum district.",4,Dallas,TX,Texas,48113,Dallas,32.7936,-96.7662,5743938,1526,polygon,False,True,America/Chicago,1,75287 75098 75233 75254 75251 75252 75253 75032 75238 75232 75230 75231 75236 75237 75234 75235 75088 75087 75243 75246 75244 75249 75248 75051 75166 75210 75211 75212 75214 75215 75216 75217 75218 75219 75390 75182 75229 75228 75220 75223 75225 75224 75227 75226 75241 75240 75247 75270 75043 75207 75206 75205 75204 75203 75202 75201 75209 75208 75019 75221 75222 75242 75250 75260 75262 75263 75264 75266 75267 75277 75283 75284 75285 75301 75303 75312 75313 75315 75320 75336 75339 75342 75354 75355 75356 75357 75358 75359 75360 75367 75370 75371 75372 75373 75374 75376 75378 75379 75380 75382 75389 75392 75393 75394 75395 75397 75398,1840019440,0
8,Dallas,Texas,"Dallas is known for its modern architecture, including the famous Dallas Cowboys stadium Dallas is also a major center for the arts, with a vibrant museum district.",2641,Dallas,OR,Oregon,41053,Polk,44.9222,-123.3131,17859,1334,polygon,False,True,America/Los_Angeles,3,97338,1840018590,0
8,Dallas,Texas,"Dallas is known for its modern architecture, including the famous Dallas Cowboys stadium Dallas is also a major center for the arts, with a vibrant museum district.",3218,Dallas,GA,Georgia,13223,Paulding,33.9153,-84.8416,13981,731,polygon,False,True,America/New_York,3,30132 30157,1840014757,0
8,Dallas,Texas,"Dallas is known for its modern architecture, including the famous Dallas Cowboys stadium Dallas is also a major center for the arts, with a vibrant museum district.",6778,Dallas,NC,North Carolina,37071,Gaston,35.3167,-81.1827,4797,640,polygon,False,True,America/New_York,3,28034,1840016396,0
8,Dallas,Texas,"Dallas is known for its modern architecture, including the famous Dallas Cowboys stadium Dallas is also a major center for the arts, with a vibrant museum district.",20999,Dallas,WI,Wisconsin,55005,Barron,45.2591,-91.8142,345,92,polygon,False,True,America/Chicago,3,54733,1840002073,0
8,Dallas,Texas,"Dallas is known for its modern architecture, including the famous Dallas Cowboys stadium Dallas is also a major center for the arts, with a vibrant museum district.",25623,Dallas,SD,South Dakota,46053,Gregory,43.2379,-99.5175,122,92,polygon,False,True,America/Chicago,3,57529,1840000364,0
9,San Jose,California,"San Jose is the heart of Silicon Valley, home to many major tech companies San Jose is known for its tech industry and is home to the Computer History Museum.",28,San Jose,CA,California,6085,Santa Clara,37.3019,-121.8486,1798103,2218,polygon,False,True,America/Los_Angeles,1,95118 95128 95124 95125 95123 95008 95002 95117 95116 95111 95110 95113 95112 95119 95126 95127 95120 95121 95148 95133 95132 95131 95130 95136 95135 95134 95139 95138 95037 95013 95129 95122 95101 95103 95106 95109 95115 95141 95150 95151 95153 95154 95155 95156 95157 95158 95159 95160 95161 95164 95172 95173 95190 95191 95192 95193 95194 95196,1840021570,0
9,San Jose,California,"San Jose is the heart of Silicon Valley, home to many major tech companies San Jose is known for its tech industry and is home to the Computer History Museum.",16713,San Jose,AZ,Arizona,4009,Graham,32.8169,-109.5957,718,66,polygon,False,False,America/Phoenix,3,85546,1840022960,0
9,San Jose,California,"San Jose is the heart of Silicon Valley, home to many major tech companies San Jose is known for its tech industry and is home to the Computer History Museum.",17013,San Jose,NM,New Mexico,35039,Rio Arriba,36.0367,-106.1004,680,145,polygon,False,False,America/Denver,3,87537 87532,1840138591,0
9,San Jose,California,"San Jose is the heart of Silicon Valley, home to many major tech companies San Jose is known for its tech industry and is home to the Computer History Museum.",17828,San Jose,IL,Illinois,17107,Logan,40.3051,-89.6048,594,553,polygon,False,True,America/Chicago,3,62682,1840012209,0
10,Austin,Texas,"Austin is the ‘Live Music Capital of the World’ due to its vibrant music scene Austin is also known for its food, particularly its BBQ and taco trucks.",31,Austin,TX,Texas,48453,Travis,30.3004,-97.7522,1687311,1181,polygon,False,True,America/Chicago,1,78749 78748 78741 78742 78745 78744 78747 78746 78717 78712 78719 78617 78739 78735 78730 78731 78732 78733 78705 78704 78701 78703 78702 78758 78759 78752 78753 78750 78751 78756 78757 78754 78652 78723 78722 78721 78727 78726 78725 78724 78729 78728 73301 73344 78651 78680 78708 78709 78710 78711 78713 78714 78715 78718 78720 78755 78760 78761 78762 78763 78765 78766 78767 78768 78772 78773 78774 78778 78779 78783 78799,1840019590,0
10,Austin,Texas,"Austin is the ‘Live Music Capital of the World’ due to its vibrant music scene Austin is also known for its food, particularly its BBQ and taco trucks.",1875,Austin,MN,Minnesota,27099,Mower,43.6718,-92.9783,25626,746,polygon,False,True,America/Chicago,3,55912,1840006830,0
10,Austin,Texas,"Austin is the ‘Live Music Capital of the World’ due to its vibrant music scene Austin is also known for its food, particularly its BBQ and taco trucks.",7472,Austin,IN,Indiana,18143,Scott,38.7418,-85.8112,4118,587,polygon,False,True,America/Indiana/Indianapolis,3,47102,1840010757,0
10,Austin,Texas,"Austin is the ‘Live Music Capital of the World’ due to its vibrant music scene Austin is also known for its food, particularly its BBQ and taco trucks.",7516,Austin,AR,Arkansas,5085,Lonoke,35.0061,-91.9895,4079,517,polygon,False,True,America/Chicago,3,72007 72176,1840013528,0
10,Austin,Texas,"Austin is the ‘Live Music Capital of the World’ due to its vibrant music scene Austin is also known for its food, particularly its BBQ and taco trucks.",18515,Austin,PA,Pennsylvania,42105,Potter,41.6373,-78.0903,531,50,polygon,False,True,America/New_York,3,16720,1840003306,0
10,Austin,Texas,"Austin is the ‘Live Music Capital of the World’ due to its vibrant music scene Austin is also known for its food, particularly its BBQ and taco trucks.",25856,Austin,NV,Nevada,32015,Lander,39.4977,-117.074,113,38,polygon,False,False,America/Los_Angeles,3,89310,1840024245,0
11,Jacksonville,Florida,"Jacksonville is the largest city by area in the U.S Jacksonville boasts 22 miles of beaches, making it a paradise for beach lovers.",42,Jacksonville,FL,Florida,12031,Duval,30.3322,-81.6749,1181496,470,polygon,False,True,America/New_York,1,32224 32225 32226 32227 32220 32221 32222 32223 32228 32219 32218 32217 32216 32211 32210 32212 32246 32244 32233 32234 32209 32205 32202 32250 32254 32257 32256 32208 32206 32207 32258 32277 32204 32099 32201 32203 32214 32229 32231 32232 32235 32236 32238 32239 32241 32245 32247 32255,1840015031,0
11,Jacksonville,Florida,"Jacksonville is the largest city by area in the U.S Jacksonville boasts 22 miles of beaches, making it a paradise for beach lovers.",424,Jacksonville,NC,North Carolina,37133,Onslow,34.7288,-77.3941,108856,574,polygon,False,True,America/New_York,2,28546 28547 28543 28540 28541 28542 28545,1840014653,0
11,Jacksonville,Florida,"Jacksonville is the largest city by area in the U.S Jacksonville boasts 22 miles of beaches, making it a paradise for beach lovers.",1698,Jacksonville,AR,Arkansas,5119,Pulaski,34.8807,-92.1302,28235,381,polygon,False,True,America/Chicago,3,72099 72076 72078,1840014633,0
11,Jacksonville,Florida,"Jacksonville is the largest city by area in the U.S Jacksonville boasts 22 miles of beaches, making it a paradise for beach lovers.",2215,Jacksonville,IL,Illinois,17137,Morgan,39.7292,-90.2318,21685,680,polygon,False,True,America/Chicago,3,62650 62651,1840008438,0
11,Jacksonville,Florida,"Jacksonville is the largest city by area in the U.S Jacksonville boasts 22 miles of beaches, making it a paradise for beach lovers.",3067,Jacksonville,TX,Texas,48073,Cherokee,31.9642,-95.2617,14815,403,polygon,False,True,America/Chicago,3,75766,1840019515,0
11,Jacksonville,Florida,"Jacksonville is the largest city by area in the U.S Jacksonville boasts 22 miles of beaches, making it a paradise for beach lovers.",3511,Jacksonville,AL,Alabama,1015,Calhoun,33.8088,-85.7545,12544,443,polygon,False,True,America/Chicago,3,36265,1840007433,0
11,Jacksonville,Florida,"Jacksonville is the largest city by area in the U.S Jacksonville boasts 22 miles of beaches, making it a paradise for beach lovers.",9056,Jacksonville,OR,Oregon,41029,Jackson,42.3127,-122.9692,2899,591,polygon,False,True,America/Los_Angeles,3,97530,1840018675,0
11,Jacksonville,Florida,"Jacksonville is the largest city by area in the U.S Jacksonville boasts 22 miles of beaches, making it a paradise for beach lovers.",17642,Jacksonville,PA,Pennsylvania,42063,Indiana,40.5652,-79.2952,612,34,polygon,False,False,America/New_York,3,15748 15774 15727 15725 15752 15756,1840005352,0
11,Jacksonville,Florida,"Jacksonville is the largest city by area in the U.S Jacksonville boasts 22 miles of beaches, making it a paradise for beach lovers.",19122,Jacksonville,OH,Ohio,39009,Athens,39.4762,-82.0799,480,765,polygon,False,True,America/New_York,3,45740,1840012624,0
11,Jacksonville,Florida,"Jacksonville is the largest city by area in the U.S Jacksonville boasts 22 miles of beaches, making it a paradise for beach lovers.",23574,Jacksonville,VT,Vermont,50025,Windham,42.7976,-72.8192,206,69,polygon,False,True,America/New_York,3,05342,1840004335,0
11,Jacksonville,Florida,"Jacksonville is the largest city by area in the U.S Jacksonville boasts 22 miles of beaches, making it a paradise for beach lovers.",25032,Jacksonville,MO,Missouri,29175,Randolph,39.5878,-92.4726,145,506,polygon,False,True,America/Chicago,3,65260,1840012600,0
11,Jacksonville,Florida,"Jacksonville is the largest city by area in the U.S Jacksonville boasts 22 miles of beaches, making it a paradise for beach lovers.",25346,Jacksonville,GA,Georgia,13271,Telfair,31.8126,-82.979,133,47,polygon,False,True,America/New_York,3,31544,1840014924,0
11,Jacksonville,Florida,"Jacksonville is the largest city by area in the U.S Jacksonville boasts 22 miles of beaches, making it a paradise for beach lovers.",28287,Jacksonville,IA,Iowa,19165,Shelby,41.6452,-95.1516,7,27,polygon,False,False,America/Chicago,3,51537,1840024135,0
12,San Francisco,California,San Francisco is famous for the Golden Gate Bridge San Francisco is also known for its diverse neighborhoods and famous cable cars.,12,San Francisco,CA,California,6075,San Francisco,37.7562,-122.443,3592294,7256,polygon,False,True,America/Los_Angeles,1,94130 94131 94132 94133 94134 94109 94108 94103 94102 94105 94104 94158 94127 94124 94123 94122 94121 94129 94118 94110 94112 94116 94117 94114 94115 94111 94107 94119 94120 94125 94126 94137 94139 94140 94141 94142 94143 94144 94145 94146 94147 94151 94159 94160 94161 94163 94164 94172 94177 94188,1840021543,0
13,Indianapolis,Indiana,Indianapolis hosts the famous Indianapolis 500 car race every year Indianapolis is also home to the largest children's museum in the world.,35,Indianapolis,IN,Indiana,18097,Marion,39.7771,-86.1458,1588961,935,polygon,False,True,America/Indiana/Indianapolis,1,46218 46219 46217 46214 46260 46268 46224 46228 46183 46231 46234 46235 46236 46237 46239 46250 46208 46201 46203 46202 46205 46204 46256 46254 46259 46227 46226 46225 46222 46221 46220 46229 46113 46278 46241 46240 46206 46207 46209 46230 46242 46244 46247 46251 46253 46255 46262 46277 46282 46283 46285 46288 46298,1840030084,0
14,Columbus,Ohio,"Columbus is home to the Ohio State University, one of the largest universities in the U.S Columbus is also known for its diverse culinary scene and historic architecture.",36,Columbus,OH,Ohio,39049,Franklin,39.9862,-82.985,1562009,1582,polygon,False,True,America/New_York,1,43026 43109 43054 43220 43221 43222 43223 43224 43081 43228 43227 43211 43213 43212 43215 43214 43217 43219 43002 43004 43068 43085 43240 43229 43235 43232 43231 43230 43119 43110 43017 43016 43137 43210 43202 43203 43201 43206 43207 43204 43205 43209 43218 43236 43251 43260 43266 43268 43270 43271 43272 43279 43287 43291,1840003760,0
14,Columbus,Ohio,"Columbus is home to the Ohio State University, one of the largest universities in the U.S Columbus is also known for its diverse culinary scene and historic architecture.",173,Columbus,GA,Georgia,13215,Muscogee,32.51,-84.8771,261445,349,polygon,False,True,America/New_York,2,31829 31820 31909 31904 31905 31906 31907 31901 31903 31808 31902 31908 31914 31917 31993 31995 31997 31998 31999,1840014887,0
14,Columbus,Ohio,"Columbus is home to the Ohio State University, one of the largest universities in the U.S Columbus is also known for its diverse culinary scene and historic architecture.",825,Columbus,IN,Indiana,18005,Bartholomew,39.2093,-85.9183,59897,660,polygon,False,True,America/Indiana/Indianapolis,3,47201 47203 47202,1840013714,0
14,Columbus,Ohio,"Columbus is home to the Ohio State University, one of the largest universities in the U.S Columbus is also known for its diverse culinary scene and historic architecture.",1557,Columbus,MS,Mississippi,28087,Lowndes,33.5088,-88.4096,31084,363,polygon,False,True,America/Chicago,3,39702 39701 39705,1840014807,0
14,Columbus,Ohio,"Columbus is home to the Ohio State University, one of the largest universities in the U.S Columbus is also known for its diverse culinary scene and historic architecture.",2072,Columbus,NE,Nebraska,31141,Platte,41.4368,-97.3563,23468,859,polygon,False,True,America/Chicago,3,68601 68602,1840003345,0
14,Columbus,Ohio,"Columbus is home to the Ohio State University, one of the largest universities in the U.S Columbus is also known for its diverse culinary scene and historic architecture.",5504,Columbus,WI,Wisconsin,55021,Columbia,43.3354,-89.03,6793,434,polygon,False,True,America/Chicago,3,53925,1840002708,0
14,Columbus,Ohio,"Columbus is home to the Ohio State University, one of the largest universities in the U.S Columbus is also known for its diverse culinary scene and historic architecture.",7416,Columbus,TX,Texas,48089,Colorado,29.7055,-96.5563,4165,490,polygon,False,True,America/Chicago,3,78934,1840019629,0
14,Columbus,Ohio,"Columbus is home to the Ohio State University, one of the largest universities in the U.S Columbus is also known for its diverse culinary scene and historic architecture.",7459,Columbus,MN,Minnesota,27003,Anoka,45.2685,-93.081,4130,35,polygon,False,True,America/Chicago,3,55025,1840006713,0
14,Columbus,Ohio,"Columbus is home to the Ohio State University, one of the largest universities in the U.S Columbus is also known for its diverse culinary scene and historic architecture.",8827,Columbus,KS,Kansas,20021,Cherokee,37.1714,-94.8442,3052,492,polygon,False,True,America/Chicago,3,66725,1840001715,0
14,Columbus,Ohio,"Columbus is home to the Ohio State University, one of the largest universities in the U.S Columbus is also known for its diverse culinary scene and historic architecture.",10639,Columbus,MT,Montana,30095,Stillwater,45.636,-109.2488,2079,584,polygon,False,True,America/Denver,3,59019,1840022332,0
14,Columbus,Ohio,"Columbus is home to the Ohio State University, one of the largest universities in the U.S Columbus is also known for its diverse culinary scene and historic architecture.",11943,Columbus,NM,New Mexico,35029,Luna,31.8273,-107.6423,1617,133,polygon,False,True,America/Denver,3,88029,1840023048,0
14,Columbus,Ohio,"Columbus is home to the Ohio State University, one of the largest universities in the U.S Columbus is also known for its diverse culinary scene and historic architecture.",14642,Columbus,NC,North Carolina,37149,Polk,35.266,-82.1985,998,108,polygon,False,True,America/New_York,3,28722 28756,1840016404,0
14,Columbus,Ohio,"Columbus is home to the Ohio State University, one of the largest universities in the U.S Columbus is also known for its diverse culinary scene and historic architecture.",24822,Columbus,KY,Kentucky,21105,Hickman,36.7596,-89.102,153,185,polygon,False,True,America/Chicago,3,42032 42031,1840014409,0
14,Columbus,Ohio,"Columbus is home to the Ohio State University, one of the largest universities in the U.S Columbus is also known for its diverse culinary scene and historic architecture.",25182,Columbus,ND,North Dakota,38013,Burke,48.905,-102.7812,138,195,polygon,False,True,America/Chicago,3,58727,1840001863,0
14,Columbus,Ohio,"Columbus is home to the Ohio State University, one of the largest universities in the U.S Columbus is also known for its diverse culinary scene and historic architecture.",26313,Columbus,IL,Illinois,17001,Adams,39.9882,-91.1456,96,169,polygon,False,True,America/Chicago,3,62320,1840012367,0
15,Fort Worth,Texas,"Fort Worth is known for its historic Stockyards, showcasing cowboy culture Fort Worth also has a thriving arts district, including the renowned Kimbell Art Museum.",53,Fort Worth,TX,Texas,48439,Tarrant,32.7811,-97.3473,909585,1016,polygon,False,True,America/Chicago,2,76164 76040 76134 76135 76137 76131 76132 76133 76109 76108 76105 76104 76107 76106 76103 76102 76155 76006 76053 76052 76129 76123 76120 76244 76008 76179 76177 76036 76140 76262 76118 76119 76116 76117 76114 76115 76112 76110 76111 76127 76126 76101 76113 76121 76122 76124 76130 76147 76150 76161 76162 76163 76166 76190 76191 76193 76195 76196 76197 76198 76199,1840020696,0
16,Charlotte,North Carolina,Charlotte is known as the second-largest banking hub in the U.S Charlotte is also famous for its NASCAR Hall of Fame and speedway.,37,Charlotte,NC,North Carolina,37119,Mecklenburg,35.208,-80.8304,1512923,1113,polygon,False,True,America/New_York,1,28269 28262 28105 28280 28282 28209 28208 28205 28204 28207 28206 28203 28202 28227 28226 28278 28270 28273 28277 28134 28216 28217 28214 28215 28212 28213 28210 28211 28244 28126 28130 28201 28218 28219 28220 28221 28222 28223 28224 28228 28229 28230 28231 28232 28233 28234 28235 28237 28241 28242 28243 28246 28247 28253 28254 28255 28256 28258 28260 28263 28265 28266 28271 28272 28274 28275 28281 28284 28285 28287 28288 28289 28290 28296 28297 28299,1840014557,0
16,Charlotte,North Carolina,Charlotte is known as the second-largest banking hub in the U.S Charlotte is also famous for its NASCAR Hall of Fame and speedway.,3474,Charlotte,MI,Michigan,26045,Eaton,42.5662,-84.8304,12703,544,polygon,False,True,America/Detroit,3,48813,1840003107,0
16,Charlotte,North Carolina,Charlotte is known as the second-largest banking hub in the U.S Charlotte is also famous for its NASCAR Hall of Fame and speedway.,11073,Charlotte,TX,Texas,48013,Atascosa,28.8593,-98.7006,1898,359,polygon,False,True,America/Chicago,3,78011,1840019679,0
16,Charlotte,North Carolina,Charlotte is known as the second-largest banking hub in the U.S Charlotte is also famous for its NASCAR Hall of Fame and speedway.,11880,Charlotte,TN,Tennessee,47043,Dickson,36.1861,-87.3389,1634,155,polygon,False,True,America/Chicago,3,37036,1840016104,0
16,Charlotte,North Carolina,Charlotte is known as the second-largest banking hub in the U.S Charlotte is also famous for its NASCAR Hall of Fame and speedway.,20755,Charlotte,IA,Iowa,19045,Clinton,41.9621,-90.4682,361,242,polygon,False,True,America/Chicago,3,52731,1840007040,0
17,Seattle,Washington,"Seattle is home to the iconic Space Needle Seattle is also known for its coffee culture, with Starbucks originating there.",11,Seattle,WA,Washington,53033,King,47.6211,-122.3244,3789215,3469,polygon,False,True,America/Los_Angeles,1,98109 98108 98104 98107 98106 98101 98103 98102 98105 98154 98122 98121 98126 98125 98178 98174 98177 98144 98146 98195 98199 98118 98119 98116 98117 98115 98112 98164 98134 98136 98133 98111 98113 98114 98124 98127 98129 98139 98141 98145 98161 98165 98170 98175 98181 98185 98191 98194,1840021117,0
18,Denver,Colorado,"Denver is known as the Mile-High City, located exactly 5,280 feet above sea level Denver is also famous for its craft beer scene, with many breweries across the city.",17,Denver,CO,Colorado,8031,Denver,39.7621,-104.8759,2876625,1831,polygon,False,True,America/Denver,1,80264 80230 80231 80236 80237 80235 80238 80239 80123 80249 80247 80246 80290 80293 80294 80218 80219 80210 80211 80212 80216 80221 80220 80223 80222 80224 80227 80209 80207 80206 80205 80204 80202 80014 80203 80208 80217 80243 80244 80248 80250 80256 80257 80259 80261 80262 80265 80266 80271 80273 80274 80281 80291 80299,1840018789,0
18,Denver,Colorado,"Denver is known as the Mile-High City, located exactly 5,280 feet above sea level Denver is also famous for its craft beer scene, with many breweries across the city.",7766,Denver,PA,Pennsylvania,42071,Lancaster,40.2325,-76.1393,3851,1162,polygon,False,True,America/New_York,3,17517,1840003714,0
18,Denver,Colorado,"Denver is known as the Mile-High City, located exactly 5,280 feet above sea level Denver is also famous for its craft beer scene, with many breweries across the city.",8518,Denver,NC,North Carolina,37109,Lincoln,35.5344,-81.034,3261,212,polygon,False,False,America/New_York,3,28037,1840024951,0
18,Denver,Colorado,"Denver is known as the Mile-High City, located exactly 5,280 feet above sea level Denver is also famous for its craft beer scene, with many breweries across the city.",11202,Denver,IA,Iowa,19017,Bremer,42.669,-92.3342,1856,457,polygon,False,True,America/Chicago,3,50622,1840006916,0
18,Denver,Colorado,"Denver is known as the Mile-High City, located exactly 5,280 feet above sea level Denver is also famous for its craft beer scene, with many breweries across the city.",19274,Denver,IN,Indiana,18103,Miami,40.8647,-86.0772,467,751,polygon,False,True,America/Indiana/Indianapolis,3,46926,1840009366,0
18,Denver,Colorado,"Denver is known as the Mile-High City, located exactly 5,280 feet above sea level Denver is also famous for its craft beer scene, with many breweries across the city.",27779,Denver,MO,Missouri,29227,Worth,40.3989,-94.3233,36,36,polygon,False,True,America/Chicago,3,64441,1840012144,0
19,El Paso,Texas,"El Paso is the largest U.S city on the border with Mexico El Paso is known for its blend of American and Mexican culture, including unique food and festivals.",57,El Paso,TX,Texas,48141,El Paso,31.8479,-106.4309,843386,1022,polygon,False,True,America/Denver,2,79901 79902 79903 79904 79905 79906 79907 79930 79932 79935 79934 79936 79912 79911 79835 79922 79920 79927 79924 79925 79915 79910 79913 79914 79917 79923 79926 79931 79937 79940 79941 79943 79944 79945 79946 79947 79948 79949 79950 79951 79952 79953 79954 79955 79958 79960 79961 79968 79976 79978 79980 79995 79996 79997 79998 79999 88540 88541 88542 88543 88544 88545 88546 88547 88548 88549 88550 88553 88554 88555 88556 88557 88558 88559 88560 88561 88562 88563 88565 88566 88567 88568 88569 88570 88571 88572 88573 88574 88575 88576 88577 88578 88579 88580 88581 88582 88583 88584 88585 88586 88588 88590 88595,1840023252,0
19,El Paso,Texas,"El Paso is the largest U.S city on the border with Mexico El Paso is known for its blend of American and Mexican culture, including unique food and festivals.",9331,El Paso,IL,Illinois,17203,Woodford,40.7405,-89.0182,2730,491,polygon,False,True,America/Chicago,3,61738,1840008293,0
20,Detroit,Michigan,"Detroit is the birthplace of the American automobile industry Detroit is also known for its rich music history, including the Motown sound.",13,Detroit,MI,Michigan,26163,Wayne,42.3834,-83.1024,3506126,1864,polygon,False,True,America/Detroit,1,48209 48208 48201 48207 48205 48204 48203 48206 48227 48238 48239 48234 48235 48233 48202 48243 48214 48215 48216 48217 48210 48211 48212 48213 48219 48228 48224 48226 48221 48223 48231 48232 48244 48255 48260 48264 48266 48267 48268 48269 48272 48275 48277 48278 48279 48288,1840003971,0
20,Detroit,Michigan,"Detroit is the birthplace of the American automobile industry Detroit is also known for its rich music history, including the Motown sound.",16986,Detroit,TX,Texas,48387,Red River,33.6602,-95.2664,683,166,polygon,False,True,America/Chicago,3,75436,1840021951,0
20,Detroit,Michigan,"Detroit is the birthplace of the American automobile industry Detroit is also known for its rich music history, including the Motown sound.",23163,Detroit,OR,Oregon,41047,Marion,44.7338,-122.1512,225,147,polygon,False,True,America/Los_Angeles,3,97342,1840018582,0
20,Detroit,Michigan,"Detroit is the birthplace of the American automobile industry Detroit is also known for its rich music history, including the Motown sound.",23278,Detroit,AL,Alabama,1075,Lamar,34.0274,-88.1678,220,64,polygon,False,True,America/Chicago,3,35552,1840016757,0
20,Detroit,Michigan,"Detroit is the birthplace of the American automobile industry Detroit is also known for its rich music history, including the Motown sound.",24219,Detroit,KS,Kansas,20041,Dickinson,38.9358,-97.1247,178,200,polygon,False,False,America/Chicago,3,67441 67410,1840024537,0
20,Detroit,Michigan,"Detroit is the birthplace of the American automobile industry Detroit is also known for its rich music history, including the Motown sound.",26700,Detroit,IL,Illinois,17149,Pike,39.6201,-90.6759,81,124,polygon,False,True,America/Chicago,3,62363,1840012532,0
21,Washington,District of Columbia,"Washington, D.C is the U.S capital and home to national landmarks like the White House Washington, D.C is also famous for its museums, including the Smithsonian Institution.",8,Washington,DC,District of Columbia,11001,District of Columbia,38.9047,-77.0163,5379184,4457,polygon,False,True,America/New_York,1,20010 20011 20012 20015 20228 20520 20307 20418 20319 20024 20510 20593 20020 20427 20540 20240 20245 20204 20202 20390 20006 20005 20004 20003 20002 20009 20008 20535 20317 20405 20057 20052 20053 20017 20018 20565 20566 20560 20260 20064 20551 20553 20019 20230 20373 20007 20032 20036 20037 20506 20001 20045 20016 20013 20022 20026 20027 20029 20030 20033 20035 20038 20039 20040 20042 20043 20044 20047 20049 20050 20055 20056 20058 20059 20060 20061 20062 20063 20065 20066 20067 20068 20069 20070 20071 20073 20074 20075 20076 20077 20078 20080 20081 20082 20090 20091 20201 20203 20206 20207 20208 20210 20211 20212 20213 20214 20215 20216 20217 20218 20219 20220 20221 20222 20223 20224 20226 20227 20229 20232 20233 20235 20237 20238 20239 20241 20242 20244 20250 20251 20252 20254 20261 20262 20265 20266 20268 20270 20277 20289 20299 20301 20303 20306 20310 20314 20318 20330 20340 20350 20355 20370 20372 20374 20375 20376 20380 20388 20389 20391 20392 20393 20394 20395 20398 20401 20402 20403 20404 20406 20407 20408 20410 20411 20412 20413 20414 20415 20416 20417 20419 20420 20421 20422 20423 20424 20425 20426 20428 20429 20431 20433 20434 20435 20436 20437 20439 20440 20441 20442 20444 20447 20451 20453 20456 20460 20463 20468 20469 20470 20472 20500 20501 20502 20503 20504 20505 20507 20508 20509 20511 20515 20521 20522 20523 20524 20525 20526 20527 20528 20529 20530 20531 20533 20534 20536 20537 20538 20539 20541 20542 20543 20544 20546 20547 20548 20549 20552 20554 20555 20557 20559 20570 20571 20572 20573 20575 20576 20577 20578 20579 20580 20581 20585 20586 20590 20591 20594 20597 20599 56901 56902 56904 56908 56915 56920 56933 56935 56944 56945 56950 56965 56967 56972 56998 56999,1840006060,0
21,Washington,District of Columbia,"Washington, D.C is the U.S capital and home to national landmarks like the White House Washington, D.C is also famous for its museums, including the Smithsonian Institution.",1650,Washington,UT,Utah,49053,Washington,37.1304,-113.4877,29174,324,polygon,False,True,America/Denver,3,84780 84771,1840021561,0
21,Washington,District of Columbia,"Washington, D.C is the U.S capital and home to national landmarks like the White House Washington, D.C is also famous for its museums, including the Smithsonian Institution.",2813,Washington,IL,Illinois,17179,Tazewell,40.7049,-89.4346,16516,754,polygon,False,True,America/Chicago,3,61571,1840010377,0
21,Washington,District of Columbia,"Washington, D.C is the U.S capital and home to national landmarks like the White House Washington, D.C is also famous for its museums, including the Smithsonian Institution.",2897,Washington,NC,North Carolina,37013,Beaufort,35.5587,-77.0545,16014,447,polygon,False,True,America/New_York,3,27817 27889,1840015401,0
21,Washington,District of Columbia,"Washington, D.C is the U.S capital and home to national landmarks like the White House Washington, D.C is also famous for its museums, including the Smithsonian Institution.",2996,Washington,NJ,New Jersey,34041,Warren,40.7587,-74.9825,15357,1267,polygon,False,True,America/New_York,3,07882,1840000945,0
21,Washington,District of Columbia,"Washington, D.C is the U.S capital and home to national landmarks like the White House Washington, D.C is also famous for its museums, including the Smithsonian Institution.",3125,Washington,MO,Missouri,29071,Franklin,38.5514,-91.0151,14417,575,polygon,False,True,America/Chicago,3,63090,1840010770,0
21,Washington,District of Columbia,"Washington, D.C is the U.S capital and home to national landmarks like the White House Washington, D.C is also famous for its museums, including the Smithsonian Institution.",3294,Washington,IN,Indiana,18027,Daviess,38.6587,-87.1591,13565,729,polygon,False,True,America/Indiana/Vincennes,3,47501,1840010735,0
21,Washington,District of Columbia,"Washington, D.C is the U.S capital and home to national landmarks like the White House Washington, D.C is also famous for its museums, including the Smithsonian Institution.",3323,Washington,PA,Pennsylvania,42125,Washington,40.174,-80.2466,13433,1759,polygon,False,True,America/New_York,3,15301,1840003668,0
21,Washington,District of Columbia,"Washington, D.C is the U.S capital and home to national landmarks like the White House Washington, D.C is also famous for its museums, including the Smithsonian Institution.",5292,Washington,IA,Iowa,19183,Washington,41.2982,-91.6928,7230,532,polygon,False,True,America/Chicago,3,52353,1840010255,0
21,Washington,District of Columbia,"Washington, D.C is the U.S capital and home to national landmarks like the White House Washington, D.C is also famous for its museums, including the Smithsonian Institution.",7649,Washington,GA,Georgia,13317,Wilkes,33.7355,-82.7427,3963,198,polygon,False,True,America/New_York,3,30673,1840015641,0
21,Washington,District of Columbia,"Washington, D.C is the U.S capital and home to national landmarks like the White House Washington, D.C is also famous for its museums, including the Smithsonian Institution.",13926,Washington,WV,West Virginia,54107,Wood,39.2422,-81.6679,1139,103,polygon,False,False,America/New_York,3,26181,1840005785,0
21,Washington,District of Columbia,"Washington, D.C is the U.S capital and home to national landmarks like the White House Washington, D.C is also famous for its museums, including the Smithsonian Institution.",14310,Washington,KS,Kansas,20201,Washington,39.816,-97.0486,1060,422,polygon,False,True,America/Chicago,3,66968,1840000724,0
21,Washington,District of Columbia,"Washington, D.C is the U.S capital and home to national landmarks like the White House Washington, D.C is also famous for its museums, including the Smithsonian Institution.",15207,Washington,LA,Louisiana,22097,St. Landry,30.615,-92.0594,914,426,polygon,False,True,America/Chicago,3,70589,1840017175,0
21,Washington,District of Columbia,"Washington, D.C is the U.S capital and home to national landmarks like the White House Washington, D.C is also famous for its museums, including the Smithsonian Institution.",17759,Washington,OK,Oklahoma,40087,McClain,35.0583,-97.4922,601,158,polygon,False,True,America/Chicago,3,73093,1840022785,0
21,Washington,District of Columbia,"Washington, D.C is the U.S capital and home to national landmarks like the White House Washington, D.C is also famous for its museums, including the Smithsonian Institution.",24461,Washington,AR,Arkansas,5057,Hempstead,33.773,-93.6833,168,64,polygon,False,True,America/Chicago,3,71862,1840015639,0
21,Washington,District of Columbia,"Washington, D.C is the U.S capital and home to national landmarks like the White House Washington, D.C is also famous for its museums, including the Smithsonian Institution.",24721,Washington,NE,Nebraska,31177,Washington,41.3977,-96.2075,157,296,polygon,False,True,America/Chicago,3,68068 68007,1840011529,0
21,Washington,District of Columbia,"Washington, D.C is the U.S capital and home to national landmarks like the White House Washington, D.C is also famous for its museums, including the Smithsonian Institution.",25512,Washington,VA,Virginia,51157,Rappahannock,38.7121,-78.1599,127,186,polygon,False,True,America/New_York,3,22747,1840006130,0
21,Washington,District of Columbia,"Washington, D.C is the U.S capital and home to national landmarks like the White House Washington, D.C is also famous for its museums, including the Smithsonian Institution.",27333,Washington,CA,California,6057,Nevada,39.3591,-120.7906,56,11,polygon,False,False,America/Los_Angeles,3,95959 95986,1840026657,0
22,Boston,Massachusetts,"Boston is home to the first public park in the U.S., Boston Common Boston is also known for its rich history, especially during the American Revolution.",9,Boston,MA,Massachusetts,25025,Suffolk,42.3188,-71.0846,4688346,5532,polygon,False,True,America/New_York,1,02120 02121 02122 02124 02125 02126 02127 02128 02129 02467 02210 02215 02119 02118 02111 02110 02113 02115 02114 02116 02199 02134 02136 02135 02132 02131 02130 02203 02163 02152 02108 02109 02112 02117 02123 02133 02137 02196 02201 02205 02206 02211 02212 02217 02222 02241 02283 02284 02293 02297 02298,1840000455,0
22,Boston,Massachusetts,"Boston is home to the first public park in the U.S., Boston Common Boston is also known for its rich history, especially during the American Revolution.",13045,Boston,GA,Georgia,13275,Thomas,30.792,-83.7899,1317,225,polygon,False,True,America/New_York,3,31626,1840013902,0
22,Boston,Massachusetts,"Boston is home to the first public park in the U.S., Boston Common Boston is also known for its rich history, especially during the American Revolution.",15121,Boston,VA,Virginia,51001,Accomack,37.6039,-75.8437,928,139,polygon,False,False,America/New_York,3,23420,1840024721,0
22,Boston,Massachusetts,"Boston is home to the first public park in the U.S., Boston Common Boston is also known for its rich history, especially during the American Revolution.",21694,Boston,PA,Pennsylvania,42003,Allegheny,40.312,-79.8237,304,356,polygon,False,False,America/New_York,3,15135,1840026471,0
22,Boston,Massachusetts,"Boston is home to the first public park in the U.S., Boston Common Boston is also known for its rich history, especially during the American Revolution.",25403,Boston,KY,Kentucky,21179,Nelson,37.7838,-85.6803,131,25,polygon,False,False,America/New_York,3,40107,1840026800,0
22,Boston,Massachusetts,"Boston is home to the first public park in the U.S., Boston Common Boston is also known for its rich history, especially during the American Revolution.",25415,Boston,IN,Indiana,18177,Wayne,39.7412,-84.8517,130,225,polygon,False,True,America/Indiana/Indianapolis,3,47324,1840009492,0
23,Memphis,Tennessee,"Memphis is the birthplace of blues music and home to Graceland, Elvis Presley’s mansion Memphis is also famous for its barbecued ribs, a staple of Southern cuisine.",46,Memphis,TN,Tennessee,47157,Shelby,35.1046,-89.9773,1066967,792,polygon,False,True,America/Chicago,1,38120 38127 38107 38106 38105 38104 38103 38109 38108 38152 38132 38133 38131 38134 38141 38112 38111 38114 38115 38116 38117 38118 38119 38018 38016 38128 38122 38125 38126 37501 37544 38088 38101 38113 38124 38130 38136 38137 38145 38148 38150 38151 38157 38159 38161 38163 38166 38168 38173 38174 38175 38177 38181 38182 38184 38186 38187 38188 38190 38193 38194 38197,1840015457,0
23,Memphis,Tennessee,"Memphis is the birthplace of blues music and home to Graceland, Elvis Presley’s mansion Memphis is also famous for its barbecued ribs, a staple of Southern cuisine.",4266,Memphis,FL,Florida,12081,Manatee,27.5435,-82.5607,9647,1140,polygon,False,False,America/New_York,3,34221,1840014172,0
23,Memphis,Tennessee,"Memphis is the birthplace of blues music and home to Graceland, Elvis Presley’s mansion Memphis is also famous for its barbecued ribs, a staple of Southern cuisine.",10803,Memphis,TX,Texas,48191,Hall,34.7268,-100.5417,2012,346,polygon,False,True,America/Chicago,3,79245,1840020523,0
23,Memphis,Tennessee,"Memphis is the birthplace of blues music and home to Graceland, Elvis Presley’s mansion Memphis is also famous for its barbecued ribs, a staple of Southern cuisine.",11259,Memphis,MO,Missouri,29199,Scotland,40.4614,-92.1704,1833,454,polygon,False,True,America/Chicago,3,63555,1840008344,0
23,Memphis,Tennessee,"Memphis is the birthplace of blues music and home to Graceland, Elvis Presley’s mansion Memphis is also famous for its barbecued ribs, a staple of Southern cuisine.",13716,Memphis,MI,Michigan,26099,Macomb,42.8956,-82.7689,1177,405,polygon,False,True,America/Detroit,3,48041,1840002422,0
23,Memphis,Tennessee,"Memphis is the birthplace of blues music and home to Graceland, Elvis Presley’s mansion Memphis is also famous for its barbecued ribs, a staple of Southern cuisine.",15379,Memphis,IN,Indiana,18019,Clark,38.4892,-85.7679,891,132,polygon,False,False,America/Kentucky/Louisville,3,47143,1840006208,0
23,Memphis,Tennessee,"Memphis is the birthplace of blues music and home to Graceland, Elvis Presley’s mansion Memphis is also famous for its barbecued ribs, a staple of Southern cuisine.",25921,Memphis,NE,Nebraska,31155,Saunders,41.0946,-96.4333,110,488,polygon,False,True,America/Chicago,3,68042,1840011636,0
23,Memphis,Tennessee,"Memphis is the birthplace of blues music and home to Graceland, Elvis Presley’s mansion Memphis is also famous for its barbecued ribs, a staple of Southern cuisine.",27974,Memphis,AL,Alabama,1107,Pickens,33.1369,-88.3008,26,25,polygon,False,True,America/Chicago,3,35442,1840016852,0
24,Nashville,Tennessee,"Nashville is known as the ‘Music City’ due to its country music scene Nashville is also known for its hot chicken, a spicy local dish.",44,Nashville,TN,Tennessee,47037,Davidson,36.1715,-86.7843,1081903,544,polygon,False,True,America/Chicago,1,37027 37138 37076 37072 37205 37201 37206 37240 37243 37246 37080 37218 37219 37216 37217 37214 37215 37212 37213 37210 37211 37189 37209 37208 37204 37207 37203 37115 37013 37228 37221 37220 37143 37011 37116 37202 37222 37224 37227 37229 37230 37232 37234 37235 37236 37238 37241 37242 37244 37250,1840036155,0
24,Nashville,Tennessee,"Nashville is known as the ‘Music City’ due to its country music scene Nashville is also known for its hot chicken, a spicy local dish.",6223,Nashville,NC,North Carolina,37127,Nash,35.9692,-77.9555,5554,456,polygon,False,True,America/New_York,3,27856,1840016167,0
24,Nashville,Tennessee,"Nashville is known as the ‘Music City’ due to its country music scene Nashville is also known for its hot chicken, a spicy local dish.",6743,Nashville,GA,Georgia,13019,Berrien,31.2051,-83.2486,4851,402,polygon,False,True,America/New_York,3,31639,1840014964,0
24,Nashville,Tennessee,"Nashville is known as the ‘Music City’ due to its country music scene Nashville is also known for its hot chicken, a spicy local dish.",7185,Nashville,AR,Arkansas,5061,Howard,33.9418,-93.8516,4386,309,polygon,False,True,America/Chicago,3,71852,1840014709,0
24,Nashville,Tennessee,"Nashville is known as the ‘Music City’ due to its country music scene Nashville is also known for its hot chicken, a spicy local dish.",8891,Nashville,IL,Illinois,17189,Washington,38.3541,-89.377,3011,377,polygon,False,True,America/Chicago,3,62263,1840008651,0
24,Nashville,Tennessee,"Nashville is known as the ‘Music City’ due to its country music scene Nashville is also known for its hot chicken, a spicy local dish.",11720,Nashville,MI,Michigan,26015,Barry,42.6032,-85.0941,1684,308,polygon,False,True,America/Detroit,3,49073,1840011090,0
24,Nashville,Tennessee,"Nashville is known as the ‘Music City’ due to its country music scene Nashville is also known for its hot chicken, a spicy local dish.",14128,Nashville,IN,Indiana,18013,Brown,39.2079,-86.2383,1098,264,polygon,False,True,America/Indiana/Indianapolis,3,47448,1840013887,0
24,Nashville,Tennessee,"Nashville is known as the ‘Music City’ due to its country music scene Nashville is also known for its hot chicken, a spicy local dish.",23994,Nashville,OH,Ohio,39075,Holmes,40.5958,-82.1131,187,1053,polygon,False,True,America/New_York,3,44661 44638 44611,1840012083,0
24,Nashville,Tennessee,"Nashville is known as the ‘Music City’ due to its country music scene Nashville is also known for its hot chicken, a spicy local dish.",27303,Nashville,KS,Kansas,20095,Kingman,37.4384,-98.4228,57,107,polygon,False,True,America/Chicago,3,67112,1840008718,0
25,Portland,Oregon,"Portland is known for its eco-friendly culture and numerous parks Portland is also famous for its food trucks, offering a wide variety of cuisines.",23,Portland,OR,Oregon,41051,Multnomah,45.5372,-122.65,2074775,1894,polygon,False,True,America/Los_Angeles,1,97227 97221 97220 97229 97203 97202 97201 97206 97205 97204 97209 97208 97266 97218 97236 97232 97233 97230 97239 97219 97214 97215 97216 97217 97210 97211 97212 97213 97207 97228 97238 97240 97242 97250 97251 97252 97253 97254 97256 97280 97282 97283 97286 97290 97291 97292 97293 97294,1840019941,0
25,Portland,Oregon,"Portland is known for its eco-friendly culture and numerous parks Portland is also famous for its food trucks, offering a wide variety of cuisines.",219,Portland,ME,Maine,23005,Cumberland,43.6773,-70.2715,203969,1185,polygon,False,True,America/New_York,2,04101 04102 04103 04108 04019 04109 04104 04112 04116 04122 04123 04124,1840000327,0
25,Portland,Oregon,"Portland is known for its eco-friendly culture and numerous parks Portland is also famous for its food trucks, offering a wide variety of cuisines.",2723,Portland,TX,Texas,48409,San Patricio,27.8911,-97.3284,17268,598,polygon,False,True,America/Chicago,3,78374 78390,1840021006,0
25,Portland,Oregon,"Portland is known for its eco-friendly culture and numerous parks Portland is also famous for its food trucks, offering a wide variety of cuisines.",3406,Portland,TN,Tennessee,47165,Sumner,36.5883,-86.5194,13030,377,polygon,False,True,America/Chicago,3,37148,1840014418,0
25,Portland,Oregon,"Portland is known for its eco-friendly culture and numerous parks Portland is also famous for its food trucks, offering a wide variety of cuisines.",5942,Portland,IN,Indiana,18075,Jay,40.4375,-84.9833,6002,475,polygon,False,True,America/Indiana/Indianapolis,3,47371,1840014175,0
25,Portland,Oregon,"Portland is known for its eco-friendly culture and numerous parks Portland is also famous for its food trucks, offering a wide variety of cuisines.",6551,Portland,MI,Michigan,26067,Ionia,42.8696,-84.899,5104,579,polygon,False,True,America/Detroit,3,48875,1840003073,0
25,Portland,Oregon,"Portland is known for its eco-friendly culture and numerous parks Portland is also famous for its food trucks, offering a wide variety of cuisines.",17810,Portland,ND,North Dakota,38097,Traill,47.4995,-97.3693,595,275,polygon,False,True,America/Chicago,3,58274,1840000137,0
25,Portland,Oregon,"Portland is known for its eco-friendly culture and numerous parks Portland is also famous for its food trucks, offering a wide variety of cuisines.",18708,Portland,PA,Pennsylvania,42095,Northampton,40.9216,-75.0985,513,403,polygon,False,True,America/New_York,3,18343 18351,1840000978,0
25,Portland,Oregon,"Portland is known for its eco-friendly culture and numerous parks Portland is also famous for its food trucks, offering a wide variety of cuisines.",20365,Portland,AR,Arkansas,5003,Ashley,33.2379,-91.511,388,139,polygon,False,True,America/Chicago,3,71663,1840014841,0
25,Portland,Oregon,"Portland is known for its eco-friendly culture and numerous parks Portland is also famous for its food trucks, offering a wide variety of cuisines.",26398,Portland,CO,Colorado,8091,Ouray,38.0892,-107.6952,93,11,polygon,False,False,America/Denver,3,81432,1840024696,0
25,Portland,Oregon,"Portland is known for its eco-friendly culture and numerous parks Portland is also famous for its food trucks, offering a wide variety of cuisines.",27908,Portland,IA,Iowa,19033,Cerro Gordo,43.1276,-93.1271,30,54,polygon,False,False,America/Chicago,3,50458 50401,1840024052,0
26,Oklahoma City,Oklahoma,Oklahoma City is home to the National Cowboy & Western Heritage Museum Oklahoma City is also known for its thriving arts scene and outdoor activities.,50,Oklahoma City,OK,Oklahoma,40109,Oklahoma,35.4676,-97.5136,972943,417,polygon,False,True,America/Chicago,2,73012 73013 73099 73097 73119 73118 73114 73117 73116 73111 73112 73020 73173 74857 73142 73141 73145 73149 73078 73109 73106 73107 73139 73132 73131 73135 73134 73008 73084 73105 73169 73162 73165 73102 73103 73054 73151 73150 73159 73064 73108 73104 73129 73179 73170 73049 73127 73120 73121 73122 73128 73101 73113 73124 73125 73126 73136 73137 73143 73144 73146 73147 73148 73152 73154 73155 73157 73163 73164 73167 73172 73178 73184 73189 73190 73194 73195,1840020428,0
27,Las Vegas,Nevada,"Las Vegas is known for its vibrant nightlife centered around 24-hour casinos Las Vegas is also home to the largest hotel in the world, The Venetian Resort.",22,Las Vegas,NV,Nevada,32003,Clark,36.2333,-115.2654,2104198,1773,polygon,False,True,America/Los_Angeles,1,89107 89106 89104 89102 89101 89108 89138 89130 89131 89134 89143 89146 89145 89144 89149 89124 89110 89117 89129 89128 88901 88905 89105 89114 89116 89125 89126 89127 89133 89137 89140 89151 89152 89153 89155 89158 89163 89185 89195,1840020364,0
27,Las Vegas,Nevada,"Las Vegas is known for its vibrant nightlife centered around 24-hour casinos Las Vegas is also home to the largest hotel in the world, The Venetian Resort.",3088,Las Vegas,NM,New Mexico,35047,San Miguel,35.6011,-105.2206,14662,637,polygon,False,True,America/Denver,3,87701,1840020397,0
28,Baltimore,Maryland,"Baltimore is home to the U.S.S Constellation, the oldest active-duty warship Baltimore is also known for its crab cakes, a Maryland specialty.",21,Baltimore,MD,Maryland,24510,Baltimore,39.3051,-76.6144,2106068,2830,polygon,False,True,America/New_York,1,21218 21211 21210 21213 21212 21215 21214 21217 21216 21231 21230 21239 21251 21209 21202 21206 21207 21205 21226 21201 21223 21224 21225 21229 21203 21233 21263 21264 21270 21273 21275 21278 21279 21281 21287 21290 21297 21298,1840001592,0
28,Baltimore,Maryland,"Baltimore is home to the U.S.S Constellation, the oldest active-duty warship Baltimore is also known for its crab cakes, a Maryland specialty.",8112,Baltimore,OH,Ohio,39045,Fairfield,39.846,-82.6047,3548,521,polygon,False,True,America/New_York,3,43105,1840012468,0
29,Louisville,Kentucky,"Louisville is famous for being the birthplace of the Kentucky Derby horse race Louisville is also known for its bourbon, produced in the heart of the Bourbon Trail.",49,Louisville,KY,Kentucky,21111,Jefferson,38.1663,-85.6485,1005654,905,polygon,False,True,America/New_York,1,40177 40245 40241 40218 40219 40214 40216 40211 40213 40059 40291 40299 40220 40223 40222 40229 40228 40023 40272 40207 40209 40258 40118 40018 40027 40225 40261 40268 40269 40281,1840030815,0
29,Louisville,Kentucky,"Louisville is famous for being the birthplace of the Kentucky Derby horse race Louisville is also known for its bourbon, produced in the heart of the Bourbon Trail.",2309,Louisville,CO,Colorado,8013,Boulder,39.9709,-105.1441,20816,1007,polygon,False,True,America/Denver,3,80027,1840020179,0
29,Louisville,Kentucky,"Louisville is famous for being the birthplace of the Kentucky Derby horse race Louisville is also known for its bourbon, produced in the heart of the Bourbon Trail.",4365,Louisville,OH,Ohio,39151,Stark,40.8371,-81.2643,9360,633,polygon,False,True,America/New_York,3,44641,1840000964,0
29,Louisville,Kentucky,"Louisville is famous for being the birthplace of the Kentucky Derby horse race Louisville is also known for its bourbon, produced in the heart of the Bourbon Trail.",5955,Louisville,MS,Mississippi,28159,Winston,33.1224,-89.0553,5983,153,polygon,False,True,America/Chicago,3,39339,1840015745,0
29,Louisville,Kentucky,"Louisville is famous for being the birthplace of the Kentucky Derby horse race Louisville is also known for its bourbon, produced in the heart of the Bourbon Trail.",7445,Louisville,TN,Tennessee,47009,Blount,35.8246,-84.0552,4141,107,polygon,False,True,America/New_York,3,37777,1840015379,0
29,Louisville,Kentucky,"Louisville is famous for being the birthplace of the Kentucky Derby horse race Louisville is also known for its bourbon, produced in the heart of the Bourbon Trail.",9042,Louisville,GA,Georgia,13163,Jefferson,32.9954,-82.4,2907,237,polygon,False,True,America/New_York,3,30434,1840015735,0
29,Louisville,Kentucky,"Louisville is famous for being the birthplace of the Kentucky Derby horse race Louisville is also known for its bourbon, produced in the heart of the Bourbon Trail.",13091,Louisville,NE,Nebraska,31025,Cass,40.9965,-96.1614,1306,776,polygon,False,True,America/Chicago,3,68037,1840009354,0
29,Louisville,Kentucky,"Louisville is famous for being the birthplace of the Kentucky Derby horse race Louisville is also known for its bourbon, produced in the heart of the Bourbon Trail.",14139,Louisville,IL,Illinois,17025,Clay,38.7696,-88.5068,1095,510,polygon,False,True,America/Chicago,3,62858,1840012812,0
29,Louisville,Kentucky,"Louisville is famous for being the birthplace of the Kentucky Derby horse race Louisville is also known for its bourbon, produced in the heart of the Bourbon Trail.",19357,Louisville,AL,Alabama,1005,Barbour,31.781,-85.5583,462,64,polygon,False,True,America/Chicago,3,36048,1840003795,0
29,Louisville,Kentucky,"Louisville is famous for being the birthplace of the Kentucky Derby horse race Louisville is also known for its bourbon, produced in the heart of the Bourbon Trail.",23150,Louisville,KS,Kansas,20149,Pottawatomie,39.2499,-96.3145,225,174,polygon,False,True,America/Chicago,3,66547,1840009585,0
30,Milwaukee,Wisconsin,"Milwaukee is known for its beer culture and is home to Miller Brewing Company Milwaukee is also famous for its Harley-Davidson Museum, celebrating the iconic motorcycle brand.",40,Milwaukee,WI,Wisconsin,55079,Milwaukee,43.0642,-87.9673,1365787,2369,polygon,False,True,America/Chicago,1,53203 53202 53207 53206 53205 53204 53209 53208 53233 53211 53218 53219 53214 53215 53216 53210 53212 53213 53295 53225 53224 53227 53226 53221 53220 53223 53222 53228 53201 53237 53259 53263 53274 53278 53288 53290 53293,1840003046,0
31,Kansas City,Missouri,"Kansas City is known for its jazz music and rich cultural history Kansas City is also famous for its barbecue, particularly its unique style of sauce.",33,Kansas City,MO,Missouri,29095,Jackson,39.1239,-94.5541,1636715,607,polygon,False,True,America/Chicago,1,64161 64163 64165 64167 64053 64151 64153 64155 64154 64157 64156 64158 64108 64109 64102 64106 64105 64101 64128 64129 64124 64125 64126 64127 64120 64123 64164 64166 64192 64119 64118 64114 64117 64116 64111 64110 64113 64112 64132 64130 64146 64145 64149 64147 64139 64138 64133 64131 64137 64136 64134 64121 64141 64148 64162 64170 64171 64179 64180 64184 64187 64188 64191 64195 64196 64197 64198 64199 64999,1840008535,0
31,Kansas City,Missouri,"Kansas City is known for its jazz music and rich cultural history Kansas City is also famous for its barbecue, particularly its unique style of sauce.",291,Kansas City,KS,Kansas,20209,Wyandotte,39.1234,-94.7443,152960,473,polygon,False,True,America/Chicago,2,66101 66102 66103 66104 66105 66106 66109 66115 66112 66111 66118 66110 66117 66119 66160,1840001626,0
32,Cleveland,Ohio,"Cleveland is home to the Rock and Roll Hall of Fame Cleveland is also known for its thriving theater scene, particularly the Cleveland Play House.",29,Cleveland,OH,Ohio,39035,Cuyahoga,41.4767,-81.6804,1710093,1893,polygon,False,True,America/New_York,1,44135 44128 44119 44113 44112 44111 44110 44115 44114 44144 44127 44120 44104 44105 44106 44101 44102 44103 44108 44109 44181 44190 44191 44192 44193 44194 44195 44197 44198 44199,1840000596,0
32,Cleveland,Ohio,"Cleveland is home to the Rock and Roll Hall of Fame Cleveland is also known for its thriving theater scene, particularly the Cleveland Play House.",651,Cleveland,TN,Tennessee,47011,Bradley,35.1817,-84.8707,73596,648,polygon,False,True,America/New_York,3,37312 37311 37320,1840014603,0
32,Cleveland,Ohio,"Cleveland is home to the Rock and Roll Hall of Fame Cleveland is also known for its thriving theater scene, particularly the Cleveland Play House.",3183,Cleveland,MS,Mississippi,28011,Bolivar,33.744,-90.7285,14114,564,polygon,False,True,America/Chicago,3,38732,1840014748,0
32,Cleveland,Ohio,"Cleveland is home to the Rock and Roll Hall of Fame Cleveland is also known for its thriving theater scene, particularly the Cleveland Play House.",3975,Cleveland,TX,Texas,48291,Liberty,30.3374,-95.0931,10690,167,polygon,False,True,America/Chicago,3,77327 77328,1840019596,0
32,Cleveland,Ohio,"Cleveland is home to the Rock and Roll Hall of Fame Cleveland is also known for its thriving theater scene, particularly the Cleveland Play House.",6351,Cleveland,GA,Georgia,13311,White,34.5971,-83.7621,5372,415,polygon,False,True,America/New_York,3,30528,1840014665,0
32,Cleveland,Ohio,"Cleveland is home to the Rock and Roll Hall of Fame Cleveland is also known for its thriving theater scene, particularly the Cleveland Play House.",8734,Cleveland,OK,Oklahoma,40117,Pawnee,36.3002,-96.4631,3125,447,polygon,False,True,America/Chicago,3,74020,1840019050,0
32,Cleveland,Ohio,"Cleveland is home to the Rock and Roll Hall of Fame Cleveland is also known for its thriving theater scene, particularly the Cleveland Play House.",8794,Cleveland,FL,Florida,12015,Charlotte,26.9529,-81.9925,3077,226,polygon,False,False,America/New_York,3,33982,1840013128,0
32,Cleveland,Ohio,"Cleveland is home to the Rock and Roll Hall of Fame Cleveland is also known for its thriving theater scene, particularly the Cleveland Play House.",12516,Cleveland,WI,Wisconsin,55071,Manitowoc,43.9177,-87.7469,1454,284,polygon,False,True,America/Chicago,3,53015,1840002212,0
32,Cleveland,Ohio,"Cleveland is home to the Rock and Roll Hall of Fame Cleveland is also known for its thriving theater scene, particularly the Cleveland Play House.",13090,Cleveland,AL,Alabama,1009,Blount,33.9965,-86.5671,1306,64,polygon,False,True,America/Chicago,3,35049 35121,1840016718,0
32,Cleveland,Ohio,"Cleveland is home to the Rock and Roll Hall of Fame Cleveland is also known for its thriving theater scene, particularly the Cleveland Play House.",15498,Cleveland,NC,North Carolina,37159,Rowan,35.7327,-80.6814,872,202,polygon,False,True,America/New_York,3,27013,1840016265,0
32,Cleveland,Ohio,"Cleveland is home to the Rock and Roll Hall of Fame Cleveland is also known for its thriving theater scene, particularly the Cleveland Play House.",16544,Cleveland,MN,Minnesota,27079,Le Sueur,44.3236,-93.8353,738,521,polygon,False,True,America/Chicago,3,56017,1840006788,0
32,Cleveland,Ohio,"Cleveland is home to the Rock and Roll Hall of Fame Cleveland is also known for its thriving theater scene, particularly the Cleveland Play House.",16725,Cleveland,NY,New York,36075,Oswego,43.2398,-75.8847,716,244,polygon,False,True,America/New_York,3,13042,1840004198,0
32,Cleveland,Ohio,"Cleveland is home to the Rock and Roll Hall of Fame Cleveland is also known for its thriving theater scene, particularly the Cleveland Play House.",17193,Cleveland,MO,Missouri,29037,Cass,38.6788,-94.598,661,172,polygon,False,True,America/Chicago,3,64734,1840007460,0
32,Cleveland,Ohio,"Cleveland is home to the Rock and Roll Hall of Fame Cleveland is also known for its thriving theater scene, particularly the Cleveland Play House.",19645,Cleveland,UT,Utah,49015,Emery,39.3494,-110.8556,440,199,polygon,False,True,America/Denver,3,84521 84518,1840022448,0
32,Cleveland,Ohio,"Cleveland is home to the Rock and Roll Hall of Fame Cleveland is also known for its thriving theater scene, particularly the Cleveland Play House.",24122,Cleveland,IL,Illinois,17073,Henry,41.5033,-90.3181,182,193,polygon,False,True,America/Chicago,3,61241,1840010244,0
32,Cleveland,Ohio,"Cleveland is home to the Rock and Roll Hall of Fame Cleveland is also known for its thriving theater scene, particularly the Cleveland Play House.",24307,Cleveland,VA,Virginia,51167,Russell,36.9434,-82.1527,175,536,polygon,False,True,America/New_York,3,24225,1840006491,0
32,Cleveland,Ohio,"Cleveland is home to the Rock and Roll Hall of Fame Cleveland is also known for its thriving theater scene, particularly the Cleveland Play House.",26823,Cleveland,ND,North Dakota,38093,Stutsman,46.891,-99.1196,76,138,polygon,False,True,America/Chicago,3,58424,1840001922,0
33,Tampa,Florida,"Tampa is home to the historic Ybor City, known for its cigar-making culture Tampa is also famous for its theme parks, including Busch Gardens.",16,Tampa,FL,Florida,12057,Hillsborough,27.9942,-82.4451,2908063,1353,polygon,False,True,America/New_York,1,33637 33629 33621 33620 33619 33616 33613 33610 33617 33614 33611 33612 33605 33603 33647 33609 33604 33607 33606 33602 33608 33622 33623 33630 33631 33633 33646 33650 33655 33664 33672 33673 33674 33677 33679 33681 33684 33686 33689,1840015982,0
33,Tampa,Florida,"Tampa is home to the historic Ybor City, known for its cigar-making culture Tampa is also famous for its theme parks, including Busch Gardens.",26165,Tampa,KS,Kansas,20115,Marion,38.5481,-97.1543,102,221,polygon,False,True,America/Chicago,3,67483,1840009661,0
34,Raleigh,North Carolina,Raleigh is known as the 'City of Oaks' for its many oak trees Raleigh is also home to the North Carolina Museum of Natural Sciences.,47,Raleigh,NC,North Carolina,37183,Wake,35.8325,-78.6435,1038738,1254,polygon,False,True,America/New_York,1,27617 27616 27615 27614 27613 27612 27610 27608 27609 27601 27603 27604 27605 27606 27607 27602 27619 27620 27622 27624 27626 27627 27628 27634 27636 27640 27650 27656 27658 27661 27668 27675 27676 27690 27697 27698,1840014497,0
34,Raleigh,North Carolina,Raleigh is known as the 'City of Oaks' for its many oak trees Raleigh is also home to the North Carolina Museum of Natural Sciences.,12671,Raleigh,MS,Mississippi,28129,Smith,32.0322,-89.5247,1411,106,polygon,False,True,America/Chicago,3,39153,1840018131,0
34,Raleigh,North Carolina,Raleigh is known as the 'City of Oaks' for its many oak trees Raleigh is also home to the North Carolina Museum of Natural Sciences.,16318,Raleigh,FL,Florida,12075,Levy,29.4479,-82.468,766,152,polygon,False,False,America/New_York,3,32696,1840026044,0
34,Raleigh,North Carolina,Raleigh is known as the 'City of Oaks' for its many oak trees Raleigh is also home to the North Carolina Museum of Natural Sciences.,21273,Raleigh,IL,Illinois,17165,Saline,37.8262,-88.5304,329,64,polygon,False,True,America/Chicago,3,62977,1840012975,0
34,Raleigh,North Carolina,Raleigh is known as the 'City of Oaks' for its many oak trees Raleigh is also home to the North Carolina Museum of Natural Sciences.,28246,Raleigh,ND,North Dakota,38037,Grant,46.3572,-101.3053,10,13,polygon,False,False,America/Denver,3,58564,1840023864,0
35,Minneapolis,Minnesota,"Minneapolis is known for its parks and over 13 lakes within the city limits Minneapolis is also famous for its art scene, including the Walker Art Center.",15,Minneapolis,MN,Minnesota,27053,Hennepin,44.9635,-93.2678,2977172,3071,polygon,False,True,America/Chicago,1,55403 55409 55408 55407 55406 55405 55404 55402 55401 55430 55454 55455 55418 55419 55410 55411 55412 55413 55414 55415 55416 55417 55440 55458 55459 55467 55470 55472 55474 55478 55479 55480 55483 55484 55485 55486 55487 55488,1840007830,0
35,Minneapolis,Minnesota,"Minneapolis is known for its parks and over 13 lakes within the city limits Minneapolis is also famous for its art scene, including the Walker Art Center.",11065,Minneapolis,KS,Kansas,20143,Ottawa,39.1243,-97.6997,1900,400,polygon,False,True,America/Chicago,3,67467,1840003824,0
36,St. Louis,Missouri,"St Louis is home to the Gateway Arch, the tallest man-made monument in the U.S St Louis is also known for its rich history in jazz and blues music.",25,St. Louis,MO,Missouri,29510,St. Louis,38.6358,-90.2451,2024074,1879,polygon,False,True,America/Chicago,1,63110 63111 63112 63113 63115 63116 63118 63120 63139 63107 63106 63104 63103 63102 63101 63109 63108 63155 63137 63143 63147 63150 63156 63157 63158 63160 63163 63164 63166 63169 63177 63178 63179 63180 63188 63197,1840001651,0
36,St. Louis,Missouri,"St Louis is home to the Gateway Arch, the tallest man-made monument in the U.S St Louis is also known for its rich history in jazz and blues music.",5271,St. Louis,MI,Michigan,26057,Gratiot,43.4082,-84.6118,7265,846,polygon,False,True,America/Detroit,3,48880,1840002878,0
36,St. Louis,Missouri,"St Louis is home to the Gateway Arch, the tallest man-made monument in the U.S St Louis is also known for its rich history in jazz and blues music.",24621,St. Louis,OK,Oklahoma,40125,Pottawatomie,35.0812,-96.8598,161,6,polygon,False,True,America/Chicago,3,74826 74866,1840021788,0
37,Miami,Florida,"Miami is famous for its vibrant nightlife and South Beach Miami is also known for its cultural diversity, with a large Latin American influence.",3,Miami,FL,Florida,12086,Miami-Dade,25.7839,-80.2102,6445545,5019,polygon,False,True,America/New_York,1,33129 33125 33126 33127 33128 33149 33144 33145 33142 33139 33138 33137 33136 33135 33134 33133 33132 33131 33130 33150 33101 33109 33111 33151 33222 33231 33233 33238 33255 33299,1840015149,0
37,Miami,Florida,"Miami is famous for its vibrant nightlife and South Beach Miami is also known for its cultural diversity, with a large Latin American influence.",2962,Miami,OK,Oklahoma,40115,Ottawa,36.8877,-94.8718,15571,466,polygon,False,True,America/Chicago,3,74354 74355,1840020346,0
37,Miami,Florida,"Miami is famous for its vibrant nightlife and South Beach Miami is also known for its cultural diversity, with a large Latin American influence.",11420,Miami,AZ,Arizona,4007,Gila,33.3951,-110.8721,1780,783,polygon,False,True,America/Phoenix,3,85539,1840022856,0
37,Miami,Florida,"Miami is famous for its vibrant nightlife and South Beach Miami is also known for its cultural diversity, with a large Latin American influence.",18307,Miami,TX,Texas,48393,Roberts,35.6923,-100.6416,550,181,polygon,False,True,America/Chicago,3,79059,1840020393,0
37,Miami,Florida,"Miami is famous for its vibrant nightlife and South Beach Miami is also known for its cultural diversity, with a large Latin American influence.",24417,Miami,MO,Missouri,29195,Saline,39.3224,-93.2258,169,116,polygon,False,True,America/Chicago,3,65344,1840008510,0
38,Salt Lake City,Utah,"Salt Lake City is home to the headquarters of The Church of Jesus Christ of Latter-day Saints Salt Lake City is also known for its outdoor recreational opportunities, including skiing.",43,Salt Lake City,UT,Utah,49035,Salt Lake,40.7777,-111.9306,1098526,699,polygon,False,True,America/Denver,1,84116 84115 84113 84112 84111 84144 84128 84180 84108 84101 84102 84103 84104 84105 84106 84110 84114 84122 84132 84133 84134 84138 84139 84143 84145 84147 84148 84150 84151 84152 84158 84199,1840021383,0
39,Tucson,Arizona,"Tucson is known for its desert landscapes and unique cacti Tucson is also home to the University of Arizona, a major research institution.",55,Tucson,AZ,Arizona,4019,Pima,32.1545,-110.8782,888486,889,polygon,False,True,America/Phoenix,2,85705 85707 85706 85756 85723 85726 85724 85701 85708 85711 85748 85745 85747 85716 85714 85715 85712 85713 85710 85719 85730 85702 85703 85709 85717 85720 85721 85722 85725 85731 85732 85738 85751 85754 85775,1840022101,0
40,Anchorage,Alaska,"Anchorage is the largest city in Alaska and a hub for Arctic exploration Anchorage is also known for its outdoor activities, including hiking and dog sledding.",150,Anchorage,AK,Alaska,2020,Anchorage,61.1508,-149.1091,288000,65,polygon,False,True,America/Anchorage,2,99518 99515 99517 99516 99513 99540 99567 99587 99508 99506 99507 99504 99505 99502 99503 99501 99577 99509 99511 99514 99520 99521 99522 99523 99524 99529 99530 99599,1840023385,0
40,Anchorage,Alaska,"Anchorage is the largest city in Alaska and a hub for Arctic exploration Anchorage is also known for its outdoor activities, including hiking and dog sledding.",9915,Anchorage,KY,Kentucky,21111,Jefferson,38.2689,-85.5363,2423,316,polygon,False,True,America/New_York,3,40223 40233,1840013198,0
41,Fresno,California,Fresno is located in the heart of California's Central Valley and is a major agricultural hub Fresno is also known for its proximity to national parks like Yosemite.,65,Fresno,CA,California,6019,Fresno,36.7831,-119.7941,703498,1789,polygon,False,True,America/Los_Angeles,2,93730 93650 93702 93703 93701 93706 93704 93705 93728 93720 93721 93722 93726 93727 93711 93710 93707 93708 93709 93714 93715 93716 93717 93718 93724 93729 93740 93744 93745 93750 93755 93760 93761 93764 93765 93771 93772 93774 93775 93776 93777 93778 93779 93790 93791 93792 93793 93794 93844,1840020319,0
41,Fresno,California,Fresno is located in the heart of California's Central Valley and is a major agricultural hub Fresno is also known for its proximity to national parks like Yosemite.,1918,Fresno,TX,Texas,48157,Fort Bend,29.5358,-95.4696,25072,1134,polygon,False,False,America/Chicago,3,77545,1840018266,0
41,Fresno,California,Fresno is located in the heart of California's Central Valley and is a major agricultural hub Fresno is also known for its proximity to national parks like Yosemite.,22640,Fresno,OH,Ohio,39031,Coshocton,40.3308,-81.7386,251,421,polygon,False,False,America/New_York,3,43824,1840026511,0
42,Birmingham,Alabama,Birmingham played a key role in the Civil Rights Movement Birmingham is also known for its growing craft beer scene.,61,Birmingham,AL,Alabama,1073,Jefferson,33.5277,-86.7987,739573,553,polygon,False,True,America/Chicago,2,35218 35214 35215 35217 35210 35211 35212 35213 35243 35242 35224 35221 35222 35228 35203 35207 35206 35205 35204 35209 35208 35254 35068 35061 35234 35235 35233 35201 35202 35220 35232 35237 35238 35246 35249 35255 35259 35261 35270 35282 35283 35285 35287 35290 35291 35292 35294 35295 35297 35298,1840006507,0
42,Birmingham,Alabama,Birmingham played a key role in the Civil Rights Movement Birmingham is also known for its growing craft beer scene.,2237,Birmingham,MI,Michigan,26125,Oakland,42.5447,-83.2166,21389,1721,polygon,False,True,America/Detroit,3,48009 48012,1840002438,0
42,Birmingham,Alabama,Birmingham played a key role in the Civil Rights Movement Birmingham is also known for its growing craft beer scene.,19920,Birmingham,IA,Iowa,19177,Van Buren,40.8777,-91.9472,421,153,polygon,False,True,America/Chicago,3,52535,1840007191,0
42,Birmingham,Alabama,Birmingham played a key role in the Civil Rights Movement Birmingham is also known for its growing craft beer scene.,23601,Birmingham,MO,Missouri,29047,Clay,39.1674,-94.4502,205,140,polygon,False,True,America/Chicago,3,64161,1840012674,0
43,New Orleans,Louisiana,"New Orleans is famous for its Mardi Gras celebrations New Orleans is also known for its Creole cuisine, including gumbo and beignets.",48,New Orleans,LA,Louisiana,22071,Orleans,30.0687,-89.9288,1020886,889,polygon,False,True,America/Chicago,1,70139 70130 70131 70114 70115 70116 70117 70112 70113 70118 70119 70129 70128 70125 70124 70127 70126 70122 70163 70142 70145 70146 70148 70150 70151 70152 70153 70154 70156 70157 70158 70159 70160 70161 70162 70164 70165 70166 70167 70170 70172 70174 70175 70176 70177 70178 70179 70181 70182 70184 70185 70186 70187 70189 70190 70195,1840001839,0
44,St. Petersburg,Florida,St Petersburg is known for having the most sunny days of any city in the U.S St Petersburg is also famous for its Salvador Dalí Museum.,168,St. Petersburg,FL,Florida,12103,Pinellas,27.7931,-82.6652,265351,1656,polygon,False,True,America/New_York,2,33707 33702 33762 33713 33712 33711 33710 33716 33715 33714 33705 33701 33703 33704 33729 33731 33732 33733 33734 33742 33743 33747,1840015977,0
44,St. Petersburg,Florida,St Petersburg is known for having the most sunny days of any city in the U.S St Petersburg is also famous for its Salvador Dalí Museum.,20649,St. Petersburg,PA,Pennsylvania,42031,Clarion,41.161,-79.6545,368,445,polygon,False,True,America/New_York,3,16054,1840003461,0
45,Macon,Georgia,Macon is known as the 'Cherry Blossom Capital of the World.' Macon is also famous for being the birthplace of the Allman Brothers Band.,290,Macon,GA,Georgia,13021,Bibb,32.8065,-83.6974,153159,237,polygon,False,True,America/New_York,2,31206 31052 31210 31211 31213 31216 31217 31207 31204 31201 31220 31202 31203 31205 31208 31209 31221 31294 31295 31296 31297,1840043455,0
45,Macon,Georgia,Macon is known as the 'Cherry Blossom Capital of the World.' Macon is also famous for being the birthplace of the Allman Brothers Band.,6380,Macon,MO,Missouri,29121,Macon,39.7424,-92.4712,5341,343,polygon,False,True,America/Chicago,3,63552,1840009486,0
45,Macon,Georgia,Macon is known as the 'Cherry Blossom Capital of the World.' Macon is also famous for being the birthplace of the Allman Brothers Band.,9534,Macon,MS,Mississippi,28103,Noxubee,33.1217,-88.5564,2622,244,polygon,False,True,America/Chicago,3,39341,1840015743,0
45,Macon,Georgia,Macon is known as the 'Cherry Blossom Capital of the World.' Macon is also famous for being the birthplace of the Allman Brothers Band.,14054,Macon,IL,Illinois,17115,Macon,39.7117,-88.9965,1112,295,polygon,False,True,America/Chicago,3,62544,1840009485,0
45,Macon,Georgia,Macon is known as the 'Cherry Blossom Capital of the World.' Macon is also famous for being the birthplace of the Allman Brothers Band.,25927,Macon,NC,North Carolina,37185,Warren,36.4396,-78.0839,110,90,polygon,False,True,America/New_York,3,27551,1840016036,0
46,Lubbock,Texas,"Lubbock is known as the birthplace of rock 'n' roll legend Buddy Holly Lubbock is also home to Texas Tech University, a major research institution.",164,Lubbock,TX,Texas,48303,Lubbock,33.5659,-101.8878,267648,741,polygon,False,True,America/Chicago,2,79406 79423 79424 79416 79412 79413 79410 79411 79414 79404 79407 79401 79403 79415 79402 79408 79409 79430 79452 79453 79457 79464 79490 79491 79493 79499,1840020604,0
47,Shreveport,Louisiana,Shreveport is known for its casinos and riverboat culture Shreveport is also famous for its Southern hospitality and vibrant local music scene.,157,Shreveport,LA,Louisiana,22017,Caddo,32.4656,-93.7956,280062,672,polygon,False,True,America/Chicago,2,71129 71101 71103 71104 71105 71106 71107 71108 71109 71119 71118 71102 71120 71130 71133 71134 71135 71136 71138 71148 71149 71151 71152 71153 71154 71156 71161 71162 71163 71164 71165 71166,1840015768,0
48,Peoria,Illinois,Peoria is known for its long history in agriculture and as the birthplace of the Caterpillar Tractor Company Peoria is also famous for its role in the development of the rail industry.,179,Peoria,IL,Illinois,17143,Peoria,40.752,-89.6153,256286,888,polygon,False,True,America/Chicago,2,61625 61606 61615 61614 61605 61602 61603 61604 61601 61613 61629 61630 61634 61636 61637 61638 61639 61643 61651 61652 61653 61654 61655 61656,1840009373,0
48,Peoria,Illinois,Peoria is known for its long history in agriculture and as the birthplace of the Caterpillar Tractor Company Peoria is also famous for its role in the development of the rail industry.,257,Peoria,AZ,Arizona,4013,Maricopa,33.7844,-112.2989,175961,386,polygon,False,True,America/Phoenix,2,85381 85383 85382 85373 85345 85342 85380 85385,1840020567,0
48,Peoria,Illinois,Peoria is known for its long history in agriculture and as the birthplace of the Caterpillar Tractor Company Peoria is also famous for its role in the development of the rail industry.,22914,Peoria,OR,Oregon,41043,Linn,44.4507,-123.2043,237,192,polygon,False,False,America/Los_Angeles,3,97348 97377,1840023943,0
48,Peoria,Illinois,Peoria is known for its long history in agriculture and as the birthplace of the Caterpillar Tractor Company Peoria is also famous for its role in the development of the rail industry.,22934,Peoria,CO,Colorado,8005,Arapahoe,39.6649,-104.1456,236,6,polygon,False,False,America/Denver,3,80103,1840024383,0
48,Peoria,Illinois,Peoria is known for its long history in agriculture and as the birthplace of the Caterpillar Tractor Company Peoria is also famous for its role in the development of the rail industry.,25286,Peoria,OK,Oklahoma,40115,Ottawa,36.9152,-94.6699,135,242,polygon,False,True,America/Chicago,3,74363,1840022611,0
49,Grand Rapids,Michigan,Grand Rapids is known as 'Furniture City' for its history in the furniture industry Grand Rapids is also famous for its craft breweries and arts scene.,73,Grand Rapids,MI,Michigan,26081,Kent,42.962,-85.6562,609314,1734,polygon,False,True,America/Detroit,2,49546 49507 49506 49505 49504 49503 49508 49501 49502 49514 49515 49523 49555 49588 49599,1840002928,0
49,Grand Rapids,Michigan,Grand Rapids is known as 'Furniture City' for its history in the furniture industry Grand Rapids is also famous for its craft breweries and arts scene.,3833,Grand Rapids,MN,Minnesota,27061,Itasca,47.238,-93.5327,11214,191,polygon,False,True,America/Chicago,3,55744 55730 55745,1840007714,0
49,Grand Rapids,Michigan,Grand Rapids is known as 'Furniture City' for its history in the furniture industry Grand Rapids is also famous for its craft breweries and arts scene.,14601,Grand Rapids,OH,Ohio,39173,Wood,41.4078,-83.868,1004,439,polygon,False,True,America/New_York,3,43522,1840011549,0
